经度,纬度,年份,数目,地名
37.8865,-79.9795,2010,1,"Alleghany, Falling Spring"
38.3318,-82.9371,2010,2,"Carter, Grayson"
39.1508,-77.9823,2010,1,"Clarke, Berryville"
41.8176,-79.8364,2010,1,"Crawford, Canadohta Lake"
39.894,-75.4338,2010,1,"Delaware, Glen Riddle"
40.6864,-78.2272,2010,1,"Blair, Northwood"
40.1015,-74.8852,2010,27,"Bucks, West Bristol"
38.8559,-83.4713,2010,1,"Adams, Dunkinsville"
38.8786,-77.1011,2010,4,"Arlington, Arlington"
40.9214,-82.2818,2010,8,"Ashland, Nankin"
36.5942,-83.8774,2010,4,"Bell, Fonde"
39.0401,-84.4815,2010,5,"Campbell, Wilder"
37.12,-87.4875,2010,1,"Christian, Mannington"
38.2565,-76.9784,2010,1,"Westmoreland, Colonial Beach"
36.5831,-79.4088,2010,3,"Danville (city), Danville"
38.3354,-82.7816,2010,2,"Boyd, Rush"
37.506,-77.6492,2010,3,"Chesterfield, Midlothian"
41.1062,-78.7749,2010,1,"Clearfield, Sandy"
40.4001,-80.1873,2010,16,"Allegheny, Oakdale"
38.1939,-79.0087,2010,2,"Augusta, Verona"
37.0048,-85.9264,2010,2,"Barren, Glasgow"
37.3866,-79.7253,2010,4,"Bedford, Montvale"
37.2338,-79.2895,2010,1,"Campbell, Evington"
37.1464,-83.7635,2010,3,"Clay, Manchester"
38.416,-77.8267,2010,3,"Culpeper, Lignum"
42.2134,-79.8333,2010,1,"Erie, North East"
37.4551,-84.9875,2010,1,"Casey, Chilton"
36.6778,-76.3024,2010,2,"Chesapeake (city), Chesapeake"
39.2325,-84.1532,2010,3,"Clermont, Goshen"
40.2761,-81.7517,2010,1,"Coshocton, West Lafayette"
37.6674,-78.0883,2010,2,"Cumberland, Cartersville"
40.1679,-83.08,2010,1,"Delaware, Powell"
36.5767,-88.9353,2010,3,"Fulton, Crutchfield"
36.666,-80.9176,2010,1,"Galax (city), Galax"
36.9052,-76.8978,2010,1,"Southampton, Ivor"
39.0338,-84.5675,2010,5,"Kenton, Lakeside Park"
37.4957,-83.0941,2010,4,"Knott, Decoy"
36.8353,-83.7598,2010,3,"Knox, Flat Lick"
41.4884,-82.0978,2010,29,"Lorain, Sheffield Lake"
40.0903,-79.5872,2010,1,"Fayette, Everson"
39.8665,-83.0703,2010,1,"Franklin, Grove City"
39.1864,-84.763,2010,25,"Hamilton, Hooven"
37.7668,-77.3706,2010,4,"Hanover, Hanover"
37.5751,-83.9735,2010,3,"Jackson, Drip Rock"
39.1117,-82.6108,2010,1,"Jackson, Coalton"
38.2992,-77.4871,2010,1,"Fredericksburg (city), Fredericksburg"
36.8155,-83.4045,2010,4,"Harlan, South Wallins"
38.5426,-84.2366,2010,1,"Harrison, Sunrise"
40.8618,-80.2625,2010,1,"Lawrence, Ellport"
37.1638,-82.7493,2010,2,"Letcher, Millstone"
40.9207,-81.0231,2010,2,"Mahoning, Sebring"
36.6827,-79.8636,2010,1,"Martinsville (city), Martinsville"
38.8648,-77.1878,2010,1,"Falls Church (city), West Falls Church"
38.1059,-84.5255,2010,4,"Fayette, Greendale"
38.2907,-85.6333,2010,23,"Jefferson, Glenview Manor"
39.9595,-82.4129,2010,1,"Licking, Jacksontown"
39.0302,-77.4712,2010,1,"Loudoun, Ashburn"
41.6639,-83.582,2010,6,"Lucas, Toledo"
37.9554,-83.4596,2010,1,"Menifee, Dan"
38.6355,-77.6661,2010,3,"Fauquier, Calverton"
39.264,-78.3319,2010,1,"Frederick, Gore"
37.6274,-77.4322,2010,4,"Henrico, Chamberlayne Heights"
37.7301,-76.538,2010,1,"Lancaster, Mollusk"
38.8514,-77.1579,2010,6,"Fairfax, Lake Barcroft"
39.0747,-83.3871,2010,3,"Highland, Sinking Spring"
37.8787,-84.6545,2010,1,"Jessamine, Wilmore"
37.494,-78.6333,2010,1,"Buckingham, Toga"
36.954,-83.3907,2010,4,"Leslie, Helton"
36.8293,-79.9917,2010,1,"Franklin, Henry"
37.373,-80.8576,2010,2,"Giles, Glen Lyn"
37.8193,-85.9358,2010,4,"Hardin, Radcliff"
36.8293,-79.9917,2010,2,"Franklin, Henry"
36.95,-86.7419,2010,2,"Logan, Gasper"
36.9608,-78.1283,2010,1,"Lunenburg, Kenbridge"
38.4879,-78.3261,2010,1,"Madison, Syria"
37.0675,-80.4405,2010,4,"Montgomery, Riner"
38.2484,-78.1125,2010,2,"Orange, Orange"
38.6653,-78.4545,2010,1,"Page, Luray"
37.4807,-82.0632,2010,2,"Pike, Argo"
37.724,-84.2928,2010,7,"Madison, Richmond"
40.9345,-82.4502,2010,3,"Richland, Adario"
38.6601,-78.9061,2010,1,"Rockingham, Fulks Run"
37.4004,-79.1911,2010,1,"Lynchburg (city), Lynchburg"
36.6648,-84.4395,2010,1,"McCreary, Pine Knot"
37.1052,-76.5185,2010,3,"Newport News (city), Newport News"
37.4743,-83.6802,2010,1,"Owsley, Booneville"
41.8694,-78.66,2010,1,"McKean, Lewis Run"
37.9366,-85.9915,2010,2,"Meade, Muldraugh"
37.2245,-83.2752,2010,5,"Perry, Avawam"
37.2747,-79.8886,2010,11,"Roanoke, Vinton"
39.0551,-78.3681,2010,5,"Shenandoah, Lebanon Church"
38.7054,-83.9191,2010,1,"Mason, Minerva"
37.4984,-76.2883,2010,1,"Mathews, Gwynn"
37.6965,-84.9097,2010,1,"Mercer, Nevada"
38.6823,-77.2604,2010,1,"Prince William, Occoquan"
39.7927,-84.3165,2010,1,"Montgomery, Trotwood"
37.2042,-77.3914,2010,1,"Petersburg (city), Petersburg"
37.9501,-76.6625,2010,8,"Richmond, Haynesville"
37.4027,-84.4144,2010,2,"Rockcastle, Brodhead"
36.995,-85.0683,2010,1,"Russell, Jamestown"
37.9059,-83.9691,2010,1,"Powell, Westbend"
37.1909,-81.6387,2010,8,"Tazewell, Amonate"
40.3533,-83.2628,2010,1,"Union, Magnetic Springs"
36.7335,-76.0435,2010,4,"Virginia Beach (city), Virginia Beach"
40.3264,-80.4091,2010,1,"Washington, Cross Creek"
37.5427,-77.9267,2010,1,"Powhatan, Powhatan"
37.1745,-84.6329,2010,1,"Pulaski, Science Hill"
36.9342,-80.7255,2010,5,"Pulaski, Allisonia"
38.137,-85.0744,2010,1,"Shelby, Waddy"
36.8615,-82.7774,2010,4,"Wise, Big Stone Gap"
38.089,-84.935,2011,1,"Anderson, Alton"
40.5989,-80.4738,2011,1,"Beaver, Hookstown"
41.7606,-76.1763,2011,1,"Bradford, Stevensville"
38.1982,-77.5885,2010,3,"Spotsylvania, Spotsylvania Courthouse"
38.3319,-77.4655,2010,2,"Stafford, Falmouth"
41.0802,-81.5219,2010,1,"Summit, Akron"
36.9321,-84.1004,2010,4,"Whitley, Corbin"
41.4998,-79.8736,2010,1,"Venango, Cooperstown"
39.9163,-76.5841,2010,2,"York, Windsor"
36.5942,-83.8774,2011,3,"Bell, Fonde"
40.3312,-79.677,2010,1,"Westmoreland, Westmoreland City"
40.4001,-80.1873,2011,10,"Allegheny, Oakdale"
38.1948,-79.5709,2011,1,"Bath, Williamsville"
37.3866,-79.7253,2011,4,"Bedford, Montvale"
40.3495,-76.1391,2011,1,"Berks, Robesonia"
36.5892,-88.4381,2011,1,"Calloway, Lynn Grove"
37.1464,-83.7635,2011,3,"Clay, Manchester"
39.2325,-84.1532,2011,2,"Clermont, Goshen"
37.1803,-85.3197,2011,1,"Adair, Cane Valley"
40.9185,-79.4603,2011,2,"Armstrong, Templeton"
37.0048,-85.9264,2011,2,"Barren, Glasgow"
37.2473,-81.8015,2011,1,"Buchanan, Jewell Valley"
38.3318,-82.9371,2011,1,"Carter, Grayson"
39.3224,-83.8109,2011,1,"Clinton, Martinsville"
36.9791,-82.2961,2010,2,"Russell, Dante"
36.7588,-78.7914,2010,3,"Halifax, Scottsburg"
40.8159,-81.4165,2010,9,"Stark, Meyers Lake"
38.8786,-77.1011,2011,1,"Arlington, Arlington"
38.9472,-84.6731,2011,1,"Boone, Union"
37.7668,-77.3706,2011,4,"Hanover, Hanover"
37.6969,-83.9685,2011,1,"Estill, Irvine"
38.1059,-84.5255,2011,11,"Fayette, Greendale"
36.8155,-83.4045,2011,2,"Harlan, South Wallins"
42.2134,-79.8333,2011,3,"Erie, North East"
37.451,-82.7994,2011,1,"Floyd, Wayland"
37.0379,-80.2045,2011,1,"Floyd, Simpsons"
37.2801,-76.4402,2011,2,"Gloucester, Achilles"
40.6783,-79.1646,2011,2,"Indiana, Ernest"
39.0338,-84.5675,2011,2,"Kenton, Lakeside Park"
38.2529,-83.3185,2010,1,"Rowan, Haldeman"
36.7929,-81.5927,2010,1,"Smyth, Adwolf"
36.5882,-76.6847,2010,3,"Suffolk (city), Whaleyville"
36.666,-81.6382,2010,2,"Washington, Konnarock"
37.4487,-79.1058,2011,1,"Amherst, Madison Heights"
40.9214,-82.2818,2011,4,"Ashland, Nankin"
40.2752,-76.8843,2011,4,"Dauphin, Harrisburg"
40.0903,-79.5872,2011,2,"Fayette, Everson"
39.7243,-77.515,2011,1,"Franklin, Pen Mar"
39.264,-78.3319,2011,2,"Frederick, Gore"
39.6598,-83.7431,2011,1,"Greene, Jamestown"
36.839,-78.7284,2011,1,"Halifax, Clover"
39.1864,-84.763,2011,15,"Hamilton, Hooven"
38.3354,-82.7816,2011,3,"Boyd, Rush"
39.3938,-84.5652,2011,1,"Butler, Hamilton"
39.9639,-75.885,2011,4,"Chester, Pomeroy"
37.7892,-86.9805,2011,2,"Daviess, Ensor"
39.894,-75.4338,2011,8,"Delaware, Glen Riddle"
37.1026,-82.3763,2011,2,"Dickenson, McClure"
39.8665,-83.0703,2011,5,"Franklin, Grove City"
36.5603,-88.5692,2011,2,"Graves, Lynnville"
36.6015,-81.6257,2011,2,"Grayson, Whitetop"
36.816,-77.4689,2011,1,"Greensville, Jarratt"
38.416,-77.8267,2011,1,"Culpeper, Lignum"
37.6674,-78.0883,2011,2,"Cumberland, Cartersville"
38.2126,-83.6341,2011,2,"Fleming, Colfax"
37.7533,-78.1638,2011,1,"Fluvanna, Columbia"
36.8293,-79.9917,2011,2,"Franklin, Henry"
37.373,-80.8576,2011,1,"Giles, Glen Lyn"
37.8193,-85.9358,2011,4,"Hardin, Radcliff"
36.866,-76.8308,2011,1,"Isle of Wight, Zuni"
38.1425,-84.1101,2011,1,"Bourbon, North Middletown"
37.494,-78.6333,2011,1,"Buckingham, Toga"
37.506,-77.6492,2011,3,"Chesterfield, Midlothian"
40.8871,-80.675,2011,1,"Columbiana, Columbiana"
40.3821,-78.1697,2011,2,"Huntingdon, Marklesburg"
41.2508,-82.4915,2011,4,"Huron, Collins"
37.1638,-82.7493,2011,5,"Letcher, Millstone"
39.9595,-82.4129,2011,2,"Licking, Jacksontown"
41.3338,-75.8214,2011,2,"Luzerne, Exeter"
41.1572,-80.0893,2011,2,"Mercer, Grove City"
37.8996,-85.2196,2011,1,"Nelson, Chaplin"
37.6274,-77.4322,2011,7,"Henrico, Chamberlayne Heights"
37.1737,-87.6885,2011,1,"Hopkins, Dawson Springs"
40.9702,-78.8765,2011,1,"Jefferson, Big Run"
41.4884,-82.0978,2011,24,"Lorain, Sheffield Lake"
36.6871,-83.1152,2011,1,"Lee, Jonesville"
40.6666,-75.5072,2011,2,"Lehigh, Stiles"
41.3265,-76.9455,2011,2,"Lycoming, Warrensville"
40.5855,-77.5782,2011,1,"Mifflin, Juniata Terrace"
37.5668,-85.7353,2011,1,"Larue, Hodgenville"
38.2945,-84.4183,2011,1,"Harrison, Leesburg"
37.724,-84.2928,2011,3,"Madison, Richmond"
37.0675,-80.4405,2011,6,"Montgomery, Riner"
38.6823,-77.2604,2011,1,"Prince William, Occoquan"
40.8565,-76.235,2011,5,"Schuylkill, Ringtown"
39.0551,-78.3681,2011,2,"Shenandoah, Lebanon Church"
39.832,-76.3275,2011,1,"Lancaster, Holtwood"
36.954,-83.3907,2011,2,"Leslie, Helton"
40.7841,-76.6713,2011,1,"Northumberland, Trevorton"
37.2245,-83.2752,2011,10,"Perry, Avawam"
40.3951,-77.0278,2011,1,"Perry, Duncannon"
38.2907,-85.6333,2011,26,"Jefferson, Glenview Manor"
39.0302,-77.4712,2011,1,"Loudoun, Ashburn"
40.9207,-81.0231,2011,2,"Mahoning, Sebring"
37.997,-83.8925,2011,1,"Montgomery, Camargo"
37.494,-78.6333,2011,2,"Buckingham, Toga"
41.4846,-75.666,2011,1,"Lackawanna, Chinchilla"
38.354,-83.2524,2011,1,"Lewis, Emerson"
38.7358,-77.1993,2011,1,"Fairfax, Newington"
40.6295,-75.2024,2011,1,"Northampton, Raubsville"
40.1015,-74.8852,2011,19,"Bucks, West Bristol"
39.0401,-84.4815,2011,2,"Campbell, Wilder"
36.6771,-80.6997,2011,1,"Carroll, Fancy Gap"
39.1508,-77.9823,2011,1,"Clarke, Berryville"
38.0842,-79.3842,2011,2,"Augusta, Craigsville"
41.8176,-79.8364,2011,2,"Crawford, Canadohta Lake"
38.8514,-77.1579,2011,6,"Fairfax, Lake Barcroft"
38.302,-83.8866,2011,1,"Nicholas, Sprout"
41.5853,-82.8369,2011,1,"Ottawa, Catawba Island"
36.9342,-80.7255,2011,2,"Pulaski, Allisonia"
41.6795,-77.069,2011,1,"Tioga, Blossburg"
39.3496,-84.1236,2011,1,"Warren, Morrow"
37.2747,-79.8886,2011,4,"Roanoke, Vinton"
38.2529,-83.3185,2011,1,"Rowan, Haldeman"
36.7929,-81.5927,2011,1,"Smyth, Adwolf"
36.666,-81.6382,2011,4,"Washington, Konnarock"
36.8862,-81.192,2011,3,"Wythe, Crockett"
41.3957,-75.2731,2011,1,"Wayne, Wallenpaupack Lake Estates"
36.8615,-82.7774,2011,8,"Wise, Big Stone Gap"
37.972,-84.7563,2011,1,"Woodford, Mortonsville"
37.4167,-79.8779,2012,1,"Botetourt, Troutville"
37.6301,-79.5431,2011,1,"Rockbridge, Natural Bridge"
36.9791,-82.2961,2011,8,"Russell, Dante"
36.7588,-78.7914,2011,2,"Halifax, Scottsburg"
37.8787,-84.6545,2011,1,"Jessamine, Wilmore"
36.8353,-83.7598,2011,2,"Knox, Flat Lick"
37.0037,-84.161,2011,2,"Laurel, Keavy"
40.337,-76.448,2011,3,"Lebanon, Pleasant Hill"
37.453,-84.7579,2011,1,"Lincoln, McKinney"
41.6639,-83.582,2011,4,"Lucas, Toledo"
37.4027,-84.4144,2011,2,"Rockcastle, Brodhead"
38.9231,-78.1033,2011,2,"Warren, Apple Mountain Lake"
40.9864,-81.9948,2011,1,"Wayne, Burbank"
40.3312,-79.677,2011,4,"Westmoreland, Westmoreland City"
37.913,-78.8828,2011,1,"Nelson, Nellysford"
40.0076,-75.134,2011,1,"Philadelphia, Philadelphia"
36.6716,-79.4196,2011,1,"Pittsylvania, Mount Hermon"
38.6823,-77.2604,2011,2,"Prince William, Occoquan"
39.9834,-78.772,2011,2,"Somerset, New Baltimore"
38.1982,-77.5885,2011,4,"Spotsylvania, Spotsylvania Courthouse"
38.3319,-77.4655,2011,11,"Stafford, Falmouth"
40.8159,-81.4165,2011,4,"Stark, Meyers Lake"
41.0802,-81.5219,2011,1,"Summit, Akron"
38.6653,-78.4545,2011,4,"Page, Luray"
37.4807,-82.0632,2011,3,"Pike, Argo"
38.6823,-77.2604,2011,2,"Prince William, Occoquan"
40.7078,-77.3107,2011,2,"Snyder, McClure"
39.9163,-76.5841,2011,8,"York, Windsor"
37.6917,-75.7182,2012,2,"Accomack, Onley"
38.6708,-84.3311,2011,1,"Pendleton, Falmouth"
39.921,-82.4271,2011,2,"Perry, Thornport"
39.0092,-84.4987,2011,1,"Kenton, Taylor Mill"
37.1909,-81.6387,2011,4,"Tazewell, Amonate"
38.1193,-83.6156,2012,1,"Bath, Salt Lick"
39.3938,-84.5652,2012,4,"Butler, Hamilton"
39.894,-75.4338,2012,3,"Delaware, Glen Riddle"
40.0903,-79.5872,2012,3,"Fayette, Everson"
38.1939,-79.0087,2012,1,"Augusta, Verona"
37.0048,-85.9264,2012,2,"Barren, Glasgow"
36.6771,-80.6997,2012,4,"Carroll, Fancy Gap"
38.0014,-84.1908,2012,2,"Clark, Winchester"
37.2801,-76.4402,2012,1,"Gloucester, Achilles"
41.7606,-76.1763,2012,1,"Bradford, Stevensville"
37.4215,-83.4585,2012,2,"Breathitt, Talbert"
38.1059,-84.5255,2012,6,"Fayette, Greendale"
37.506,-77.6492,2012,11,"Chesterfield, Midlothian"
41.1062,-78.7749,2012,1,"Clearfield, Sandy"
37.9185,-76.8665,2012,2,"Essex, Tappahannock"
39.8665,-83.0703,2012,5,"Franklin, Grove City"
37.7668,-77.3706,2012,2,"Hanover, Hanover"
36.9321,-84.1004,2011,5,"Whitley, Corbin"
41.6119,-76.0457,2011,1,"Wyoming, Meshoppen"
40.4001,-80.1873,2012,10,"Allegheny, Oakdale"
38.0645,-85.7146,2012,1,"Bullitt, Brooks"
38.0533,-77.3473,2012,2,"Caroline, Bowling Green"
38.6098,-85.0681,2012,2,"Carroll, Worthville"
40.2422,-76.9274,2012,1,"Cumberland, Camp Hill"
37.3866,-79.7253,2012,1,"Bedford, Montvale"
40.3495,-76.1391,2012,3,"Berks, Robesonia"
37.2338,-79.2895,2012,1,"Campbell, Evington"
40.98,-77.7057,2012,1,"Centre, Mount Eagle"
39.2325,-84.1532,2012,2,"Clermont, Goshen"
38.416,-77.8267,2012,3,"Culpeper, Lignum"
38.1879,-83.0188,2012,1,"Elliott, Bruin"
36.8155,-83.4045,2012,3,"Harlan, South Wallins"
39.0302,-77.4712,2012,1,"Loudoun, Ashburn"
36.5942,-83.8774,2012,3,"Bell, Fonde"
38.3354,-82.7816,2012,3,"Boyd, Rush"
37.8312,-86.6304,2012,1,"Breckinridge, Cloverport"
39.9639,-75.885,2012,5,"Chester, Pomeroy"
41.4948,-81.5348,2012,3,"Cuyahoga, University Heights"
40.2752,-76.8843,2012,3,"Dauphin, Harrisburg"
38.6355,-77.6661,2012,2,"Fauquier, Calverton"
40.9185,-79.4603,2012,1,"Armstrong, Templeton"
40.9214,-82.2818,2012,6,"Ashland, Nankin"
40.5989,-80.4738,2012,3,"Beaver, Hookstown"
40.1015,-74.8852,2012,6,"Bucks, West Bristol"
42.2134,-79.8333,2012,4,"Erie, North East"
38.8514,-77.1579,2012,11,"Fairfax, Lake Barcroft"
38.8514,-77.1579,2012,1,"Fairfax, Lake Barcroft"
40.1679,-83.08,2012,4,"Delaware, Powell"
36.866,-76.8308,2012,1,"Isle of Wight, Zuni"
40.9702,-78.8765,2012,3,"Jefferson, Big Run"
40.6783,-79.1646,2012,2,"Indiana, Ernest"
38.2907,-85.6333,2012,36,"Jefferson, Glenview Manor"
39.0338,-84.5675,2012,5,"Kenton, Lakeside Park"
37.4957,-83.0941,2012,3,"Knott, Decoy"
36.8353,-83.7598,2012,2,"Knox, Flat Lick"
37.0037,-84.161,2012,5,"Laurel, Keavy"
38.0068,-77.9061,2012,1,"Louisa, Mineral"
41.6639,-83.582,2012,3,"Lucas, Toledo"
37.451,-82.7994,2012,5,"Floyd, Wayland"
37.8787,-84.6545,2012,13,"Jessamine, Wilmore"
40.337,-76.448,2012,3,"Lebanon, Pleasant Hill"
38.2126,-83.6341,2012,4,"Fleming, Colfax"
36.8293,-79.9917,2012,1,"Franklin, Henry"
37.8193,-85.9358,2012,3,"Hardin, Radcliff"
36.8293,-79.9917,2012,2,"Franklin, Henry"
37.0759,-88.0769,2012,3,"Lyon, Eddyville"
39.264,-78.3319,2012,3,"Frederick, Gore"
36.839,-78.7284,2012,1,"Halifax, Clover"
37.6274,-77.4322,2012,9,"Henrico, Chamberlayne Heights"
37.1737,-87.6885,2012,2,"Hopkins, Dawson Springs"
37.3799,-76.8041,2012,1,"James City, Toano"
40.6666,-75.5072,2012,1,"Lehigh, Stiles"
39.9854,-80.7335,2012,1,"Marshall, McMechen"
41.2508,-82.4915,2012,2,"Huron, Collins"
40.8618,-80.2625,2012,2,"Lawrence, Ellport"
37.1638,-82.7493,2012,2,"Letcher, Millstone"
39.9595,-82.4129,2012,1,"Licking, Jacksontown"
41.3338,-75.8214,2012,4,"Luzerne, Exeter"
40.5331,-77.8141,2012,2,"Mifflin, Allensville"
40.6295,-75.2024,2012,1,"Northampton, Raubsville"
39.7243,-77.515,2012,2,"Franklin, Pen Mar"
36.9725,-86.4371,2012,1,"Warren, Bowling Green"
39.1864,-84.763,2012,10,"Hamilton, Hooven"
38.5426,-84.2366,2012,2,"Harrison, Sunrise"
41.4884,-82.0978,2012,21,"Lorain, Sheffield Lake"
39.832,-76.3275,2012,3,"Lancaster, Holtwood"
38.2945,-84.4183,2012,1,"Harrison, Leesburg"
41.3265,-76.9455,2012,1,"Lycoming, Warrensville"
37.724,-84.2928,2012,3,"Madison, Richmond"
38.6823,-77.2604,2012,2,"Prince William, Occoquan"
36.9791,-82.2961,2012,2,"Russell, Dante"
36.7588,-78.7914,2012,1,"Halifax, Scottsburg"
39.0551,-78.3681,2012,1,"Shenandoah, Lebanon Church"
36.9052,-76.8978,2012,1,"Southampton, Ivor"
37.5589,-86.7728,2012,1,"Ohio, Dundee"
40.3951,-77.0278,2012,2,"Perry, Duncannon"
38.6823,-77.2604,2012,10,"Prince William, Occoquan"
37.6301,-79.5431,2012,2,"Rockbridge, Natural Bridge"
38.1982,-77.5885,2012,5,"Spotsylvania, Spotsylvania Courthouse"
38.3319,-77.4655,2012,6,"Stafford, Falmouth"
37.997,-83.8925,2012,4,"Montgomery, Camargo"
38.3355,-85.4839,2012,1,"Oldham, Crestwood"
37.9501,-76.6625,2012,1,"Richmond, Haynesville"
37.4027,-84.4144,2012,1,"Rockcastle, Brodhead"
40.7841,-76.6713,2012,1,"Northumberland, Trevorton"
37.2245,-83.2752,2012,7,"Perry, Avawam"
40.8565,-76.235,2012,4,"Schuylkill, Ringtown"
40.8159,-81.4165,2012,1,"Stark, Meyers Lake"
41.177,-75.418,2012,1,"Monroe, Tobyhanna"
37.0675,-80.4405,2012,1,"Montgomery, Riner"
38.2484,-78.1125,2012,2,"Orange, Orange"
38.6653,-78.4545,2012,1,"Page, Luray"
37.4807,-82.0632,2012,2,"Pike, Argo"
36.8468,-76.354,2012,1,"Portsmouth (city), Portsmouth"
37.1745,-84.6329,2012,1,"Pulaski, Science Hill"
38.5317,-84.0358,2012,2,"Robertson, Mount Olivet"
36.666,-78.3908,2012,1,"Mecklenburg, Boydton"
41.1572,-80.0893,2012,1,"Mercer, Grove City"
40.0753,-80.6951,2012,1,"Ohio, Wheeling"
38.6823,-77.2604,2012,1,"Prince William, Occoquan"
36.8615,-82.7774,2012,5,"Wise, Big Stone Gap"
37.4487,-79.1058,2013,2,"Amherst, Madison Heights"
37.4167,-79.8779,2013,2,"Botetourt, Troutville"
40.4001,-80.1873,2013,20,"Allegheny, Oakdale"
38.8786,-77.1011,2013,7,"Arlington, Arlington"
36.618,-82.1607,2013,2,"Bristol (city), Bristol"
40.8289,-75.7009,2013,1,"Carbon, Weissport"
36.6778,-76.3024,2013,2,"Chesapeake (city), Chesapeake"
37.4662,-87.7342,2012,1,"Webster, Lisman"
38.0941,-76.8229,2012,2,"Westmoreland, Montross"
40.2592,-78.5075,2013,1,"Bedford, Queen"
41.4148,-78.1989,2013,1,"Cameron, Sterling Run"
38.0533,-77.3473,2013,1,"Caroline, Bowling Green"
40.98,-77.7057,2013,4,"Centre, Mount Eagle"
39.3496,-84.1236,2012,1,"Warren, Morrow"
40.3264,-80.4091,2012,3,"Washington, Cross Creek"
41.6119,-76.0457,2012,1,"Wyoming, Meshoppen"
37.6917,-75.7182,2013,1,"Accomack, Onley"
38.3354,-82.7816,2013,3,"Boyd, Rush"
39.3938,-84.5652,2013,3,"Butler, Hamilton"
37.9059,-83.9691,2012,1,"Powell, Westbend"
37.1909,-81.6387,2012,2,"Tazewell, Amonate"
38.1939,-79.0087,2013,1,"Augusta, Verona"
38.1948,-79.5709,2013,1,"Bath, Williamsville"
37.2747,-79.8886,2012,1,"Roanoke, Vinton"
38.6601,-78.9061,2012,8,"Rockingham, Fulks Run"
38.2529,-83.3185,2012,1,"Rowan, Haldeman"
36.7929,-81.5927,2012,1,"Smyth, Adwolf"
36.666,-81.6382,2012,3,"Washington, Konnarock"
36.8862,-81.192,2012,4,"Wythe, Crockett"
37.8865,-79.9795,2013,1,"Alleghany, Falling Spring"
40.9214,-82.2818,2013,3,"Ashland, Nankin"
39.6323,-84.2725,2012,1,"Montgomery, Miamisburg"
39.9163,-76.5841,2012,6,"York, Windsor"
36.5942,-83.8774,2013,3,"Bell, Fonde"
37.4551,-84.9875,2013,1,"Casey, Chilton"
37.506,-77.6492,2013,3,"Chesterfield, Midlothian"
41.1062,-78.7749,2013,1,"Clearfield, Sandy"
40.2752,-76.8843,2013,8,"Dauphin, Harrisburg"
41.4948,-81.5348,2013,13,"Cuyahoga, University Heights"
39.264,-78.3319,2013,3,"Frederick, Gore"
36.839,-78.7284,2013,1,"Halifax, Clover"
36.866,-76.8308,2013,1,"Isle of Wight, Zuni"
38.9231,-78.1033,2012,2,"Warren, Apple Mountain Lake"
37.3366,-77.9882,2013,3,"Amelia, Amelia Court House"
37.3866,-79.7253,2013,6,"Bedford, Montvale"
37.494,-78.6333,2013,1,"Buckingham, Toga"
40.3495,-76.1391,2013,6,"Berks, Robesonia"
37.2473,-81.8015,2013,1,"Buchanan, Jewell Valley"
40.4111,-78.8446,2013,3,"Cambria, Vinco"
37.2338,-79.2895,2013,2,"Campbell, Evington"
39.9639,-75.885,2013,3,"Chester, Pomeroy"
42.2134,-79.8333,2013,2,"Erie, North East"
37.451,-82.7994,2013,2,"Floyd, Wayland"
39.7243,-77.515,2013,3,"Franklin, Pen Mar"
39.6598,-83.7431,2013,2,"Greene, Jamestown"
37.2895,-86.2847,2013,2,"Edmonson, Bee Spring"
38.1059,-84.5255,2013,4,"Fayette, Greendale"
39.8665,-83.0703,2013,18,"Franklin, Grove City"
37.7668,-77.3706,2013,3,"Hanover, Hanover"
40.9702,-78.8765,2013,1,"Jefferson, Big Run"
41.0177,-76.4969,2013,1,"Columbia, Buckhorn"
38.8514,-77.1579,2013,9,"Fairfax, Lake Barcroft"
38.2992,-77.4871,2013,2,"Fredericksburg (city), Fredericksburg"
39.932,-77.9958,2013,2,"Fulton, McConnellsburg"
40.6864,-78.2272,2013,1,"Blair, Northwood"
40.1015,-74.8852,2013,1,"Bucks, West Bristol"
40.9505,-79.74,2013,1,"Butler, Chicora"
38.4154,-82.3188,2013,1,"Cabell, Pea Ridge"
36.5831,-79.4088,2013,3,"Danville (city), Danville"
38.8514,-77.1579,2013,1,"Fairfax, Lake Barcroft"
39.2325,-84.1532,2013,2,"Clermont, Goshen"
41.0094,-77.5306,2013,1,"Clinton, Lamar"
38.416,-77.8267,2013,2,"Culpeper, Lignum"
37.6674,-78.0883,2013,2,"Cumberland, Cartersville"
36.8293,-79.9917,2013,3,"Franklin, Henry"
37.8193,-85.9358,2013,1,"Hardin, Radcliff"
36.8293,-79.9917,2013,1,"Franklin, Henry"
36.9052,-76.8978,2013,3,"Southampton, Ivor"
38.2907,-85.6333,2013,17,"Jefferson, Glenview Manor"
36.8353,-83.7598,2013,1,"Knox, Flat Lick"
39.1864,-84.763,2013,14,"Hamilton, Hooven"
37.9459,-82.6735,2013,1,"Lawrence, Ulysses"
40.6666,-75.5072,2013,1,"Lehigh, Stiles"
37.4004,-79.1911,2013,1,"Lynchburg (city), Lynchburg"
37.9366,-85.9915,2013,2,"Meade, Muldraugh"
40.5855,-77.5782,2013,1,"Mifflin, Juniata Terrace"
40.337,-76.448,2013,5,"Lebanon, Pleasant Hill"
38.2945,-84.4183,2013,3,"Harrison, Leesburg"
37.724,-84.2928,2013,2,"Madison, Richmond"
41.8176,-79.8364,2013,2,"Crawford, Canadohta Lake"
37.7892,-86.9805,2013,1,"Daviess, Ensor"
39.894,-75.4338,2013,8,"Delaware, Glen Riddle"
36.9853,-77.7219,2013,1,"Dinwiddie, McKenney"
41.5726,-78.6869,2013,1,"Elk, Wilcox"
36.6015,-81.6257,2013,1,"Grayson, Whitetop"
39.9476,-79.9986,2013,1,"Greene, Rices Landing"
36.8155,-83.4045,2013,2,"Harlan, South Wallins"
41.2508,-82.4915,2013,1,"Huron, Collins"
40.8618,-80.2625,2013,2,"Lawrence, Ellport"
39.0302,-77.4712,2013,4,"Loudoun, Ashburn"
36.6827,-79.8636,2013,1,"Martinsville (city), Martinsville"
37.997,-83.8925,2013,2,"Montgomery, Camargo"
36.6871,-83.1152,2013,1,"Lee, Jonesville"
37.1638,-82.7493,2013,1,"Letcher, Millstone"
41.3338,-75.8214,2013,3,"Luzerne, Exeter"
41.1572,-80.0893,2013,4,"Mercer, Grove City"
40.5331,-77.8141,2013,1,"Mifflin, Allensville"
36.7168,-80.3578,2013,3,"Patrick, Vesta"
37.2042,-77.3914,2013,1,"Petersburg (city), Petersburg"
36.6716,-79.4196,2013,1,"Pittsylvania, Mount Hermon"
38.6823,-77.2604,2013,1,"Prince William, Occoquan"
36.9342,-80.7255,2013,4,"Pulaski, Allisonia"
40.7078,-77.3107,2013,1,"Snyder, McClure"
38.1982,-77.5885,2013,4,"Spotsylvania, Spotsylvania Courthouse"
38.3319,-77.4655,2013,4,"Stafford, Falmouth"
41.4846,-75.666,2013,3,"Lackawanna, Chinchilla"
37.7301,-76.538,2013,1,"Lancaster, Mollusk"
38.6653,-78.4545,2013,1,"Page, Luray"
38.6708,-84.3311,2013,1,"Pendleton, Falmouth"
37.6274,-77.4322,2013,10,"Henrico, Chamberlayne Heights"
41.4884,-82.0978,2013,32,"Lorain, Sheffield Lake"
39.832,-76.3275,2013,2,"Lancaster, Holtwood"
37.2456,-88.3589,2013,1,"Livingston, Burna"
41.177,-75.418,2013,3,"Monroe, Tobyhanna"
40.2111,-75.2744,2013,2,"Montgomery, North Wales"
40.7841,-76.6713,2013,1,"Northumberland, Trevorton"
40.0753,-80.6951,2013,1,"Ohio, Wheeling"
38.6823,-77.2604,2013,1,"Prince William, Occoquan"
37.6301,-79.5431,2013,1,"Rockbridge, Natural Bridge"
36.9791,-82.2961,2013,2,"Russell, Dante"
36.7588,-78.7914,2013,1,"Halifax, Scottsburg"
39.0551,-78.3681,2013,1,"Shenandoah, Lebanon Church"
36.5882,-76.6847,2013,1,"Suffolk (city), Whaleyville"
37.1052,-76.5185,2013,1,"Newport News (city), Newport News"
37.2245,-83.2752,2013,5,"Perry, Avawam"
40.3951,-77.0278,2013,3,"Perry, Duncannon"
40.8565,-76.235,2013,2,"Schuylkill, Ringtown"
41.4998,-79.8736,2013,1,"Venango, Cooperstown"
38.2484,-78.1125,2013,2,"Orange, Orange"
40.0076,-75.134,2013,1,"Philadelphia, Philadelphia"
36.8468,-76.354,2013,1,"Portsmouth (city), Portsmouth"
37.5427,-77.9267,2013,2,"Powhatan, Powhatan"
36.7929,-81.5927,2013,3,"Smyth, Adwolf"
39.9834,-78.772,2013,3,"Somerset, New Baltimore"
40.3264,-80.4091,2013,1,"Washington, Cross Creek"
36.666,-81.6382,2013,2,"Washington, Konnarock"
36.8945,-76.259,2013,1,"Norfolk (city), Norfolk"
37.1229,-80.5583,2013,1,"Radford (city), Radford"
37.9501,-76.6625,2013,6,"Richmond, Haynesville"
38.1593,-79.0608,2013,2,"Staunton (city), Staunton"
36.7335,-76.0435,2013,1,"Virginia Beach (city), Virginia Beach"
38.6823,-77.2604,2013,1,"Prince William, Occoquan"
37.2273,-76.9665,2013,1,"Surry, Claremont"
36.8615,-82.7774,2013,8,"Wise, Big Stone Gap"
37.6917,-75.7182,2014,1,"Accomack, Onley"
40.9345,-82.4502,2013,1,"Richland, Adario"
37.2747,-79.8886,2013,8,"Roanoke, Vinton"
38.6601,-78.9061,2013,4,"Rockingham, Fulks Run"
38.2204,-84.4699,2013,1,"Scott, Newtown"
37.8301,-83.5166,2013,1,"Wolfe, Valeria"
38.1939,-79.0087,2014,3,"Augusta, Verona"
40.3495,-76.1391,2014,4,"Berks, Robesonia"
38.7054,-83.9191,2013,2,"Mason, Minerva"
37.0675,-80.4405,2013,1,"Montgomery, Riner"
40.6295,-75.2024,2013,2,"Northampton, Raubsville"
37.4807,-82.0632,2013,3,"Pike, Argo"
38.6562,-78.2322,2013,1,"Rappahannock, Sperryville"
37.4487,-79.1058,2014,6,"Amherst, Madison Heights"
40.9214,-82.2818,2014,8,"Ashland, Nankin"
39.4005,-82.1261,2014,3,"Athens, Chauncey"
39.0401,-84.4815,2014,2,"Campbell, Wilder"
40.9002,-77.1564,2013,1,"Union, Hartleton"
38.0673,-78.9012,2013,1,"Waynesboro (city), Waynesboro"
37.4662,-87.7342,2013,1,"Webster, Lisman"
40.3312,-79.677,2013,3,"Westmoreland, Westmoreland City"
36.9321,-84.1004,2013,2,"Whitley, Corbin"
39.1734,-78.1745,2013,6,"Winchester (city), Winchester"
39.9163,-76.5841,2013,5,"York, Windsor"
38.8559,-83.4713,2014,1,"Adams, Dunkinsville"
40.4001,-80.1873,2014,23,"Allegheny, Oakdale"
37.3866,-79.7253,2014,3,"Bedford, Montvale"
36.8553,-77.8937,2014,2,"Brunswick, Alberta"
36.8862,-81.192,2013,1,"Wythe, Crockett"
37.8865,-79.9795,2014,4,"Alleghany, Falling Spring"
41.8567,-80.6173,2014,2,"Ashtabula, Kelloggsville"
38.0645,-85.7146,2014,1,"Bullitt, Brooks"
39.3938,-84.5652,2014,5,"Butler, Hamilton"
37.506,-77.6492,2014,8,"Chesterfield, Midlothian"
38.0014,-84.1908,2014,2,"Clark, Winchester"
39.1508,-77.9823,2014,3,"Clarke, Berryville"
41.1062,-78.7749,2014,2,"Clearfield, Sandy"
40.7392,-82.7773,2014,1,"Crawford, Galion"
41.8176,-79.8364,2014,1,"Crawford, Canadohta Lake"
38.8786,-77.1011,2014,1,"Arlington, Arlington"
37.4167,-79.8779,2014,1,"Botetourt, Troutville"
41.7606,-76.1763,2014,1,"Bradford, Stevensville"
36.8457,-77.2875,2013,1,"Sussex, Yale"
37.1909,-81.6387,2013,5,"Tazewell, Amonate"
41.6119,-76.0457,2013,1,"Wyoming, Meshoppen"
36.5942,-83.8774,2014,4,"Bell, Fonde"
38.3354,-82.7816,2014,1,"Boyd, Rush"
38.0374,-78.4856,2014,2,"Charlottesville (city), Charlottesville"
39.8862,-84.0243,2014,2,"Clark, Crystal Lakes"
40.2422,-76.9274,2014,1,"Cumberland, Camp Hill"
41.4948,-81.5348,2014,25,"Cuyahoga, University Heights"
36.8293,-79.9917,2014,3,"Franklin, Henry"
39.264,-78.3319,2014,6,"Frederick, Gore"
37.8193,-85.9358,2014,2,"Hardin, Radcliff"
36.8293,-79.9917,2014,2,"Franklin, Henry"
39.1907,-81.7495,2014,1,"Athens, Hockingport"
36.6771,-80.6997,2014,1,"Carroll, Fancy Gap"
39.6522,-83.5564,2014,1,"Fayette, Jeffersonville"
37.7533,-78.1638,2014,1,"Fluvanna, Columbia"
39.7243,-77.515,2014,2,"Franklin, Pen Mar"
39.1864,-84.763,2014,14,"Hamilton, Hooven"
41.0177,-76.4969,2014,2,"Columbia, Buckhorn"
40.8871,-80.675,2014,9,"Columbiana, Columbiana"
38.8514,-77.1579,2014,6,"Fairfax, Lake Barcroft"
41.1045,-82.6137,2014,1,"Huron, North Fairfield"
37.6015,-77.7022,2014,2,"Goochland, Manakin"
36.8155,-83.4045,2014,3,"Harlan, South Wallins"
40.1621,-81.1313,2014,2,"Belmont, Holloway"
40.6864,-78.2272,2014,2,"Blair, Northwood"
40.1015,-74.8852,2014,6,"Bucks, West Bristol"
37.2085,-88.0604,2014,1,"Caldwell, Fredonia"
40.4111,-78.8446,2014,1,"Cambria, Vinco"
37.2338,-79.2895,2014,1,"Campbell, Evington"
39.9639,-75.885,2014,7,"Chester, Pomeroy"
37.1464,-83.7635,2014,1,"Clay, Manchester"
41.0094,-77.5306,2014,1,"Clinton, Lamar"
38.416,-77.8267,2014,4,"Culpeper, Lignum"
40.2752,-76.8843,2014,6,"Dauphin, Harrisburg"
41.3259,-84.2855,2014,5,"Defiance, Jewell"
38.1059,-84.5255,2014,5,"Fayette, Greendale"
39.8665,-83.0703,2014,26,"Franklin, Grove City"
37.7668,-77.3706,2014,4,"Hanover, Hanover"
37.7892,-86.9805,2014,1,"Daviess, Ensor"
37.1026,-82.3763,2014,1,"Dickenson, McClure"
41.4011,-82.808,2014,3,"Erie, Castalia"
42.2134,-79.8333,2014,4,"Erie, North East"
37.451,-82.7994,2014,8,"Floyd, Wayland"
36.8293,-79.9917,2014,2,"Franklin, Henry"
36.6015,-81.6257,2014,1,"Grayson, Whitetop"
40.8064,-83.5114,2014,3,"Hardin, Forest"
37.6274,-77.4322,2014,10,"Henrico, Chamberlayne Heights"
37.3799,-76.8041,2014,1,"James City, Toano"
40.6666,-75.5072,2014,1,"Lehigh, Stiles"
40.8305,-84.0848,2014,2,"Allen, Cairo"
37.3366,-77.9882,2014,1,"Amelia, Amelia Court House"
37.494,-78.6333,2014,2,"Buckingham, Toga"
38.3318,-82.9371,2014,1,"Carter, Grayson"
39.2325,-84.1532,2014,4,"Clermont, Goshen"
39.3224,-83.8109,2014,1,"Clinton, Martinsville"
37.6674,-78.0883,2014,1,"Cumberland, Cartersville"
36.866,-76.8308,2014,2,"Isle of Wight, Zuni"
37.8806,-82.8382,2014,3,"Johnson, Sitka"
41.4846,-75.666,2014,1,"Lackawanna, Chinchilla"
37.0759,-88.0769,2014,1,"Lyon, Eddyville"
36.666,-78.3908,2014,1,"Mecklenburg, Boydton"
39.6323,-84.2725,2014,3,"Montgomery, Miamisburg"
37.0675,-80.4405,2014,3,"Montgomery, Riner"
37.8996,-85.2196,2014,2,"Nelson, Chaplin"
38.8656,-81.8235,2014,1,"Jackson, Cottageville"
38.2907,-85.6333,2014,22,"Jefferson, Glenview Manor"
37.0037,-84.161,2014,3,"Laurel, Keavy"
39.0302,-77.4712,2014,4,"Loudoun, Ashburn"
41.6639,-83.582,2014,2,"Lucas, Toledo"
37.724,-84.2928,2014,1,"Madison, Richmond"
37.1231,-87.2125,2014,1,"Muhlenberg, Weir"
39.9037,-82.018,2014,1,"Muskingum, South Zanesville"
37.0379,-80.2045,2014,1,"Floyd, Simpsons"
37.805,-81.9923,2014,2,"Logan, Rossmore"
38.6355,-77.6661,2014,1,"Fauquier, Calverton"
36.5603,-88.5692,2014,1,"Graves, Lynnville"
40.0221,-81.5868,2014,1,"Guernsey, Cambridge"
37.494,-78.6333,2014,1,"Buckingham, Toga"
38.486,-81.3502,2014,3,"Kanawha, Clendenin"
40.8618,-80.2625,2014,1,"Lawrence, Ellport"
40.9207,-81.0231,2014,55,"Mahoning, Sebring"
37.997,-83.8925,2014,2,"Montgomery, Camargo"
40.1679,-83.08,2014,1,"Delaware, Powell"
39.894,-75.4338,2014,11,"Delaware, Glen Riddle"
36.8353,-83.7598,2014,3,"Knox, Flat Lick"
41.4884,-82.0978,2014,25,"Lorain, Sheffield Lake"
36.6871,-83.1152,2014,1,"Lee, Jonesville"
41.3338,-75.8214,2014,9,"Luzerne, Exeter"
41.3265,-76.9455,2014,1,"Lycoming, Warrensville"
40.5321,-83.2077,2014,1,"Marion, Green Camp"
39.7927,-84.3165,2014,12,"Montgomery, Trotwood"
37.4807,-82.0632,2014,2,"Pike, Argo"
41.0245,-81.0501,2014,2,"Portage, Deerfield"
39.0393,-80.6551,2014,1,"Lewis, Alum Bridge"
38.4879,-78.3261,2014,2,"Madison, Syria"
41.8694,-78.66,2014,2,"McKean, Lewis Run"
37.9366,-85.9915,2014,1,"Meade, Muldraugh"
38.2484,-78.1125,2014,2,"Orange, Orange"
38.6823,-77.2604,2014,1,"Prince William, Occoquan"
37.9501,-76.6625,2014,2,"Richmond, Haynesville"
37.6965,-84.9097,2014,1,"Mercer, Nevada"
40.4113,-84.7761,2014,1,"Mercer, Fort Recovery"
41.1572,-80.0893,2014,3,"Mercer, Grove City"
38.7358,-77.1993,2014,2,"Fairfax, Newington"
37.6301,-79.5431,2014,5,"Rockbridge, Natural Bridge"
36.9791,-82.2961,2014,4,"Russell, Dante"
36.7588,-78.7914,2014,2,"Halifax, Scottsburg"
38.6653,-78.4545,2014,4,"Page, Luray"
40.9345,-82.4502,2014,6,"Richland, Adario"
37.2747,-79.8886,2014,5,"Roanoke, Vinton"
38.6601,-78.9061,2014,2,"Rockingham, Fulks Run"
40.4389,-84.2597,2014,2,"Shelby, Kettlersville"
39.0551,-78.3681,2014,5,"Shenandoah, Lebanon Church"
41.462,-80.6656,2014,4,"Trumbull, Gustavus"
40.337,-76.448,2014,6,"Lebanon, Pleasant Hill"
37.5156,-85.2625,2014,1,"Marion, Calvary"
38.7054,-83.9191,2014,3,"Mason, Minerva"
41.177,-75.418,2014,2,"Monroe, Tobyhanna"
37.5295,-75.8283,2014,1,"Northampton, Exmore"
37.2245,-83.2752,2014,2,"Perry, Avawam"
41.388,-83.3218,2014,1,"Sandusky, Gibsonburg"
40.8565,-76.235,2014,5,"Schuylkill, Ringtown"
40.5609,-81.495,2014,1,"Tuscarawas, Parral"
38.9776,-82.3374,2014,2,"Gallia, Vinton"
40.9864,-81.9948,2014,1,"Wayne, Burbank"
37.9059,-83.9691,2014,3,"Powell, Westbend"
38.3319,-77.4655,2014,7,"Stafford, Falmouth"
40.8159,-81.4165,2014,6,"Stark, Meyers Lake"
41.0802,-81.5219,2014,2,"Summit, Akron"
38.5955,-85.3174,2014,3,"Trimble, Bedford"
36.7335,-76.0435,2014,1,"Virginia Beach (city), Virginia Beach"
39.6314,-81.4562,2014,1,"Washington, Macksburg"
36.9321,-84.1004,2014,1,"Whitley, Corbin"
39.1806,-81.513,2014,1,"Wood, Mineral Wells"
37.4027,-84.4144,2014,2,"Rockcastle, Brodhead"
39.4069,-83.1842,2014,1,"Ross, Frankfort"
38.9231,-78.1033,2014,2,"Warren, Apple Mountain Lake"
38.7881,-77.4494,2014,3,"Prince William, Yorkshire"
38.041,-78.5222,2015,4,"Albemarle, University Heights"
40.8305,-84.0848,2015,3,"Allen, Cairo"
38.1939,-79.0087,2015,2,"Augusta, Verona"
38.6823,-77.2604,2014,4,"Prince William, Occoquan"
36.7929,-81.5927,2014,1,"Smyth, Adwolf"
38.1982,-77.5885,2014,2,"Spotsylvania, Spotsylvania Courthouse"
39.0813,-79.6455,2014,1,"Tucker, Hambleton"
40.3533,-83.2628,2014,2,"Union, Magnetic Springs"
40.3264,-80.4091,2014,4,"Washington, Cross Creek"
41.6119,-76.0457,2014,1,"Wyoming, Meshoppen"
36.8862,-81.192,2014,6,"Wythe, Crockett"
37.8865,-79.9795,2015,1,"Alleghany, Falling Spring"
37.0048,-85.9264,2015,1,"Barren, Glasgow"
39.0092,-84.4987,2014,2,"Kenton, Taylor Mill"
39.8826,-77.1569,2015,4,"Adams, Hunterstown"
40.9214,-82.2818,2015,8,"Ashland, Nankin"
39.4005,-82.1261,2015,7,"Athens, Chauncey"
41.8332,-75.8762,2014,1,"Susquehanna, Montrose"
40.3312,-79.677,2014,2,"Westmoreland, Westmoreland City"
38.0941,-76.8229,2014,2,"Westmoreland, Montross"
39.1734,-78.1745,2014,1,"Winchester (city), Winchester"
41.8567,-80.6173,2015,9,"Ashtabula, Kelloggsville"
38.1193,-83.6156,2015,1,"Bath, Salt Lick"
37.4167,-79.8779,2015,2,"Botetourt, Troutville"
36.8553,-77.8937,2015,1,"Brunswick, Alberta"
39.3938,-84.5652,2015,7,"Butler, Hamilton"
39.832,-76.3275,2014,3,"Lancaster, Holtwood"
36.6648,-84.4395,2014,2,"McCreary, Pine Knot"
37.3675,-81.3572,2014,1,"McDowell, Maybeury"
41.0348,-82.0122,2014,2,"Medina, Lodi"
40.0076,-75.134,2014,2,"Philadelphia, Philadelphia"
36.6716,-79.4196,2014,3,"Pittsylvania, Mount Hermon"
39.9163,-76.5841,2014,8,"York, Windsor"
38.8559,-83.4713,2015,1,"Adams, Dunkinsville"
40.4001,-80.1873,2015,40,"Allegheny, Oakdale"
38.8786,-77.1011,2015,4,"Arlington, Arlington"
37.3866,-79.7253,2015,1,"Bedford, Montvale"
36.5942,-83.8774,2015,6,"Bell, Fonde"
41.7606,-76.1763,2015,1,"Bradford, Stevensville"
39.8862,-84.0243,2015,1,"Clark, Crystal Lakes"
36.8051,-85.0683,2015,1,"Clinton, Cumberland City"
41.4948,-81.5348,2015,88,"Cuyahoga, University Heights"
40.2752,-76.8843,2015,9,"Dauphin, Harrisburg"
38.7383,-82.842,2014,2,"Scioto, Wheelersburg"
37.1909,-81.6387,2014,5,"Tazewell, Amonate"
40.9185,-79.4603,2015,2,"Armstrong, Templeton"
39.458,-77.9779,2015,1,"Berkeley, Martinsburg"
36.6771,-80.6997,2015,2,"Carroll, Fancy Gap"
40.2174,-83.9635,2015,1,"Champaign, Rosewood"
38.0014,-84.1908,2015,2,"Clark, Winchester"
41.8176,-79.8364,2015,1,"Crawford, Canadohta Lake"
36.9853,-77.7219,2015,1,"Dinwiddie, McKenney"
38.8862,-82.1463,2015,2,"Gallia, Addison"
36.8615,-82.7774,2014,2,"Wise, Big Stone Gap"
40.95,-83.3836,2014,1,"Wyandot, Carey"
40.5989,-80.4738,2015,1,"Beaver, Hookstown"
40.6864,-78.2272,2015,3,"Blair, Northwood"
37.4215,-83.4585,2015,1,"Breathitt, Talbert"
40.1621,-81.1313,2015,3,"Belmont, Holloway"
40.3495,-76.1391,2015,10,"Berks, Robesonia"
39.9639,-75.885,2015,6,"Chester, Pomeroy"
37.1464,-83.7635,2015,1,"Clay, Manchester"
39.2325,-84.1532,2015,5,"Clermont, Goshen"
38.416,-77.8267,2015,1,"Culpeper, Lignum"
39.6522,-83.5564,2015,1,"Fayette, Jeffersonville"
40.0903,-79.5872,2015,4,"Fayette, Everson"
38.3228,-84.8955,2015,2,"Franklin, Ottusville"
39.7243,-77.515,2015,3,"Franklin, Pen Mar"
41.7113,-83.9053,2015,1,"Fulton, Metamora"
36.5603,-88.5692,2015,1,"Graves, Lynnville"
36.6015,-81.6257,2015,1,"Grayson, Whitetop"
38.8673,-83.7878,2015,2,"Brown, Russellville"
40.9505,-79.74,2015,1,"Butler, Chicora"
39.0401,-84.4815,2015,2,"Campbell, Wilder"
41.2106,-79.3803,2015,1,"Clarion, Clarion"
41.0177,-76.4969,2015,3,"Columbia, Buckhorn"
40.8871,-80.675,2015,10,"Columbiana, Columbiana"
38.8514,-77.1579,2015,10,"Fairfax, Lake Barcroft"
41.1045,-82.6137,2015,6,"Huron, North Fairfield"
41.3722,-81.0591,2015,4,"Geauga, Parkman"
37.7668,-77.3706,2015,2,"Hanover, Hanover"
40.6513,-84.146,2015,1,"Auglaize, Cridersville"
40.4111,-78.8446,2015,2,"Cambria, Vinco"
38.6098,-85.0681,2015,1,"Carroll, Worthville"
38.3318,-82.9371,2015,2,"Carter, Grayson"
39.3224,-83.8109,2015,3,"Clinton, Martinsville"
38.0533,-77.3473,2015,1,"Caroline, Bowling Green"
40.98,-77.7057,2015,6,"Centre, Mount Eagle"
41.3259,-84.2855,2015,4,"Defiance, Jewell"
39.894,-75.4338,2015,28,"Delaware, Glen Riddle"
37.2895,-86.2847,2015,1,"Edmonson, Bee Spring"
38.1059,-84.5255,2015,8,"Fayette, Greendale"
39.8665,-83.0703,2015,36,"Franklin, Grove City"
37.8193,-85.9358,2015,1,"Hardin, Radcliff"
40.1015,-74.8852,2015,7,"Bucks, West Bristol"
38.0645,-85.7146,2015,1,"Bullitt, Brooks"
37.506,-77.6492,2015,9,"Chesterfield, Midlothian"
40.7392,-82.7773,2015,1,"Crawford, Galion"
40.1679,-83.08,2015,6,"Delaware, Powell"
42.2134,-79.8333,2015,6,"Erie, North East"
37.9185,-76.8665,2015,1,"Essex, Tappahannock"
37.9607,-81.0795,2015,1,"Fayette, Thurmond"
36.8293,-79.9917,2015,3,"Franklin, Henry"
39.264,-78.3319,2015,3,"Frederick, Gore"
37.7503,-80.4715,2015,1,"Greenbrier, Ronceverte"
40.9348,-83.8235,2015,4,"Hancock, Mount Cory"
36.8293,-79.9917,2015,1,"Franklin, Henry"
36.866,-76.8308,2015,1,"Isle of Wight, Zuni"
37.1026,-82.3763,2015,1,"Dickenson, McClure"
41.4011,-82.808,2015,5,"Erie, Castalia"
38.6355,-77.6661,2015,4,"Fauquier, Calverton"
40.8064,-83.5114,2015,2,"Hardin, Forest"
36.8155,-83.4045,2015,1,"Harlan, South Wallins"
37.6274,-77.4322,2015,12,"Henrico, Chamberlayne Heights"
38.2907,-85.6333,2015,20,"Jefferson, Glenview Manor"
39.6522,-83.5564,2015,1,"Fayette, Jeffersonville"
39.6598,-83.7431,2015,6,"Greene, Jamestown"
39.1864,-84.763,2015,26,"Hamilton, Hooven"
39.3732,-78.5228,2015,3,"Hampshire, Slanesville"
37.1737,-87.6885,2015,2,"Hopkins, Dawson Springs"
37.3799,-76.8041,2015,2,"James City, Toano"
40.6666,-75.5072,2015,5,"Lehigh, Stiles"
38.0068,-77.9061,2015,2,"Louisa, Mineral"
37.724,-84.2928,2015,3,"Madison, Richmond"
41.8694,-78.66,2015,1,"McKean, Lewis Run"
37.451,-82.7994,2015,4,"Floyd, Wayland"
38.9815,-80.9496,2015,1,"Gilmer, Tanner"
37.2801,-76.4402,2015,2,"Gloucester, Achilles"
41.3128,-81.9157,2015,4,"Lorain, Columbia Hills Corners"
40.0221,-81.5868,2015,3,"Guernsey, Cambridge"
39.0747,-83.3871,2015,1,"Highland, Sinking Spring"
41.4846,-75.666,2015,4,"Lackawanna, Chinchilla"
38.4298,-82.4488,2015,1,"Lawrence, Chesapeake"
40.337,-76.448,2015,4,"Lebanon, Pleasant Hill"
40.5321,-83.2077,2015,2,"Marion, Green Camp"
39.1907,-81.7495,2015,2,"Athens, Hockingport"
37.5751,-83.9735,2015,1,"Jackson, Drip Rock"
39.1117,-82.6108,2015,4,"Jackson, Coalton"
41.4884,-82.0978,2015,43,"Lorain, Sheffield Lake"
36.6871,-83.1152,2015,3,"Lee, Jonesville"
40.4007,-83.5444,2015,1,"Logan, West Mansfield"
39.6323,-84.2725,2015,1,"Montgomery, Miamisburg"
41.2508,-82.4915,2015,2,"Huron, Collins"
37.0037,-84.161,2015,1,"Laurel, Keavy"
40.8618,-80.2625,2015,1,"Lawrence, Ellport"
37.913,-78.8828,2015,1,"Nelson, Nellysford"
38.2001,-80.8512,2015,4,"Nicholas, Mount Nebo"
36.9728,-88.612,2015,1,"McCracken, Freemont"
37.0675,-80.4405,2015,3,"Montgomery, Riner"
41.0245,-81.0501,2015,6,"Portage, Deerfield"
37.1745,-84.6329,2015,3,"Pulaski, Science Hill"
39.0393,-80.6551,2015,3,"Lewis, Alum Bridge"
39.0302,-77.4712,2015,2,"Loudoun, Ashburn"
41.6639,-83.582,2015,15,"Lucas, Toledo"
36.9608,-78.1283,2015,1,"Lunenburg, Kenbridge"
40.9207,-81.0231,2015,98,"Mahoning, Sebring"
37.5668,-82.7603,2015,2,"Floyd, Martin"
41.177,-75.418,2015,5,"Monroe, Tobyhanna"
40.6209,-82.6618,2015,3,"Morrow, Shauck"
37.0821,-78.0029,2015,1,"Nottoway, Blackstone"
36.9342,-80.7255,2015,2,"Pulaski, Allisonia"
39.0338,-84.5675,2015,1,"Kenton, Lakeside Park"
39.832,-76.3275,2015,2,"Lancaster, Holtwood"
37.1638,-82.7493,2015,1,"Letcher, Millstone"
39.9595,-82.4129,2015,8,"Licking, Jacksontown"
41.3338,-75.8214,2015,9,"Luzerne, Exeter"
39.9487,-83.2993,2015,4,"Madison, West Jefferson"
40.4113,-84.7761,2015,1,"Mercer, Fort Recovery"
41.1572,-80.0893,2015,5,"Mercer, Grove City"
38.7358,-77.1993,2015,1,"Fairfax, Newington"
40.7841,-76.6713,2015,1,"Northumberland, Trevorton"
37.6301,-79.5431,2015,2,"Rockbridge, Natural Bridge"
36.9791,-82.2961,2015,2,"Russell, Dante"
36.7588,-78.7914,2015,2,"Halifax, Scottsburg"
36.9052,-76.8978,2015,2,"Southampton, Ivor"
39.9037,-82.018,2015,3,"Muskingum, South Zanesville"
37.8832,-76.3477,2015,3,"Northumberland, Burgess"
38.2484,-78.1125,2015,3,"Orange, Orange"
40.8565,-76.235,2015,8,"Schuylkill, Ringtown"
41.2162,-83.3285,2015,4,"Seneca, Amsden"
40.5609,-81.495,2015,2,"Tuscarawas, Parral"
41.5853,-82.8369,2015,3,"Ottawa, Catawba Island"
40.9345,-82.4502,2015,8,"Richland, Adario"
37.2747,-79.8886,2015,4,"Roanoke, Vinton"
38.6601,-78.9061,2015,5,"Rockingham, Fulks Run"
39.0551,-78.3681,2015,5,"Shenandoah, Lebanon Church"
38.9231,-78.1033,2015,2,"Warren, Apple Mountain Lake"
39.7927,-84.3165,2015,31,"Montgomery, Trotwood"
40.2111,-75.2744,2015,5,"Montgomery, North Wales"
37.2245,-83.2752,2015,3,"Perry, Avawam"
36.6716,-79.4196,2015,2,"Pittsylvania, Mount Hermon"
38.7383,-82.842,2015,3,"Scioto, Wheelersburg"
40.4389,-84.2597,2015,2,"Shelby, Kettlersville"
36.7929,-81.5927,2015,1,"Smyth, Adwolf"
39.9834,-78.772,2015,1,"Somerset, New Baltimore"
40.3533,-83.2628,2015,2,"Union, Magnetic Springs"
39.4069,-83.1842,2015,9,"Ross, Frankfort"
38.3319,-77.4655,2015,5,"Stafford, Falmouth"
40.8159,-81.4165,2015,25,"Stark, Meyers Lake"
41.0802,-81.5219,2015,13,"Summit, Akron"
39.6314,-81.4562,2015,2,"Washington, Macksburg"
36.9321,-84.1004,2015,3,"Whitley, Corbin"
36.8457,-77.2875,2015,1,"Sussex, Yale"
41.462,-80.6656,2015,33,"Trumbull, Gustavus"
36.8615,-82.7774,2015,3,"Wise, Big Stone Gap"
38.041,-78.5222,2016,1,"Albemarle, University Heights"
40.8305,-84.0848,2016,4,"Allen, Cairo"
40.95,-83.3836,2015,2,"Wyandot, Carey"
39.8826,-77.1569,2016,2,"Adams, Hunterstown"
38.8786,-77.1011,2016,5,"Arlington, Arlington"
40.9214,-82.2818,2016,7,"Ashland, Nankin"
39.4005,-82.1261,2016,3,"Athens, Chauncey"
38.8673,-83.7878,2016,3,"Brown, Russellville"
41.388,-83.3218,2015,6,"Sandusky, Gibsonburg"
40.9864,-81.9948,2015,4,"Wayne, Burbank"
37.4662,-87.7342,2015,1,"Webster, Lisman"
41.3236,-83.4363,2015,1,"Wood, Bradner"
39.9163,-76.5841,2015,20,"York, Windsor"
38.8559,-83.4713,2016,2,"Adams, Dunkinsville"
40.4001,-80.1873,2016,38,"Allegheny, Oakdale"
41.8567,-80.6173,2016,6,"Ashtabula, Kelloggsville"
37.3866,-79.7253,2016,1,"Bedford, Montvale"
36.666,-81.6382,2015,1,"Washington, Konnarock"
36.8862,-81.192,2015,6,"Wythe, Crockett"
37.8865,-79.9795,2016,2,"Alleghany, Falling Spring"
38.1939,-79.0087,2016,13,"Augusta, Verona"
37.2473,-81.8015,2016,1,"Buchanan, Jewell Valley"
36.6771,-80.6997,2016,3,"Carroll, Fancy Gap"
40.2174,-83.9635,2016,3,"Champaign, Rosewood"
37.3675,-81.3572,2015,1,"McDowell, Maybeury"
41.0348,-82.0122,2015,9,"Medina, Lodi"
37.5589,-86.7728,2015,2,"Ohio, Dundee"
40.3951,-77.0278,2015,2,"Perry, Duncannon"
39.554,-82.7779,2015,3,"Pickaway, Tarlton"
38.6823,-77.2604,2015,9,"Prince William, Occoquan"
38.9776,-82.3374,2015,2,"Gallia, Vinton"
39.3496,-84.1236,2015,10,"Warren, Morrow"
40.3264,-80.4091,2015,4,"Washington, Cross Creek"
37.4487,-79.1058,2016,3,"Amherst, Madison Heights"
36.5942,-83.8774,2016,5,"Bell, Fonde"
39.3938,-84.5652,2016,9,"Butler, Hamilton"
36.9933,-78.601,2016,1,"Charlotte, Drakes Branch"
37.2093,-86.8921,2016,1,"Butler, Rochester"
40.4111,-78.8446,2016,3,"Cambria, Vinco"
40.8289,-75.7009,2016,2,"Carbon, Weissport"
39.8862,-84.0243,2016,3,"Clark, Crystal Lakes"
39.3224,-83.8109,2016,5,"Clinton, Martinsville"
38.1948,-79.5709,2016,1,"Bath, Williamsville"
38.3354,-82.7816,2016,1,"Boyd, Rush"
37.5855,-84.7903,2016,1,"Boyle, Junction City"
38.4154,-82.3188,2016,1,"Cabell, Pea Ridge"
39.9639,-75.885,2016,8,"Chester, Pomeroy"
41.0094,-77.5306,2016,1,"Clinton, Lamar"
41.4011,-82.808,2016,6,"Erie, Castalia"
38.6355,-77.6661,2016,1,"Fauquier, Calverton"
38.1982,-77.5885,2015,2,"Spotsylvania, Spotsylvania Courthouse"
37.1909,-81.6387,2015,12,"Tazewell, Amonate"
38.0941,-76.8229,2015,1,"Westmoreland, Montross"
41.6119,-76.0457,2015,1,"Wyoming, Meshoppen"
40.1621,-81.1313,2016,2,"Belmont, Holloway"
40.6864,-78.2272,2016,3,"Blair, Northwood"
40.3495,-76.1391,2016,9,"Berks, Robesonia"
38.5632,-80.8979,2016,3,"Braxton, Strange Creek"
39.2325,-84.1532,2016,1,"Clermont, Goshen"
40.8871,-80.675,2016,20,"Columbiana, Columbiana"
38.2565,-76.9784,2016,1,"Westmoreland, Colonial Beach"
40.2802,-84.6384,2016,2,"Darke, Rossburg"
40.2752,-76.8843,2016,12,"Dauphin, Harrisburg"
39.894,-75.4338,2016,14,"Delaware, Glen Riddle"
37.2895,-86.2847,2016,3,"Edmonson, Bee Spring"
38.1059,-84.5255,2016,8,"Fayette, Greendale"
38.3228,-84.8955,2016,2,"Franklin, Ottusville"
38.9815,-80.9496,2016,1,"Gilmer, Tanner"
37.2801,-76.4402,2016,2,"Gloucester, Achilles"
39.6598,-83.7431,2016,11,"Greene, Jamestown"
40.6783,-79.1646,2016,1,"Indiana, Ernest"
36.8553,-77.8937,2016,1,"Brunswick, Alberta"
40.98,-77.7057,2016,2,"Centre, Mount Eagle"
41.8176,-79.8364,2016,4,"Crawford, Canadohta Lake"
41.4948,-81.5348,2016,94,"Cuyahoga, University Heights"
36.8293,-79.9917,2016,3,"Franklin, Henry"
39.264,-78.3319,2016,2,"Frederick, Gore"
37.2085,-88.0604,2016,1,"Caldwell, Fredonia"
37.12,-87.4875,2016,1,"Christian, Mannington"
42.2134,-79.8333,2016,2,"Erie, North East"
40.0903,-79.5872,2016,3,"Fayette, Everson"
39.7243,-77.515,2016,6,"Franklin, Pen Mar"
39.1864,-84.763,2016,36,"Hamilton, Hooven"
36.8155,-83.4045,2016,2,"Harlan, South Wallins"
39.0401,-84.4815,2016,1,"Campbell, Wilder"
38.8514,-77.1579,2016,9,"Fairfax, Lake Barcroft"
41.1045,-82.6137,2016,8,"Huron, North Fairfield"
39.8665,-83.0703,2016,58,"Franklin, Grove City"
41.3722,-81.0591,2016,3,"Geauga, Parkman"
41.7113,-83.9053,2016,1,"Fulton, Metamora"
37.373,-80.8576,2016,4,"Giles, Glen Lyn"
36.5603,-88.5692,2016,1,"Graves, Lynnville"
36.6015,-81.6257,2016,2,"Grayson, Whitetop"
37.6274,-77.4322,2016,24,"Henrico, Chamberlayne Heights"
36.839,-78.7284,2016,3,"Halifax, Clover"
39.832,-76.3275,2016,10,"Lancaster, Holtwood"
36.6871,-83.1152,2016,1,"Lee, Jonesville"
40.4007,-83.5444,2016,4,"Logan, West Mansfield"
41.3265,-76.9455,2016,2,"Lycoming, Warrensville"
39.5013,-80.1696,2016,2,"Marion, Barrackville"
37.7668,-77.3706,2016,4,"Hanover, Hanover"
40.8064,-83.5114,2016,4,"Hardin, Forest"
41.2508,-82.4915,2016,6,"Huron, Collins"
39.1117,-82.6108,2016,8,"Jackson, Coalton"
37.494,-78.6333,2016,1,"Buckingham, Toga"
37.4957,-83.0941,2016,5,"Knott, Decoy"
37.506,-77.6492,2016,12,"Chesterfield, Midlothian"
40.7392,-82.7773,2016,3,"Crawford, Galion"
40.1679,-83.08,2016,9,"Delaware, Powell"
37.9185,-76.8665,2016,1,"Essex, Tappahannock"
39.6522,-83.5564,2016,1,"Fayette, Jeffersonville"
38.8862,-82.1463,2016,3,"Gallia, Addison"
36.9052,-76.8978,2016,1,"Southampton, Ivor"
40.0221,-81.5868,2016,2,"Guernsey, Cambridge"
40.9348,-83.8235,2016,15,"Hancock, Mount Cory"
36.8293,-79.9917,2016,1,"Franklin, Henry"
39.1907,-81.7495,2016,3,"Athens, Hockingport"
41.4884,-82.0978,2016,16,"Lorain, Sheffield Lake"
39.9854,-80.7335,2016,1,"Marshall, McMechen"
38.7054,-83.9191,2016,1,"Mason, Minerva"
37.4984,-76.2883,2016,3,"Mathews, Gwynn"
39.6323,-84.2725,2016,2,"Montgomery, Miamisburg"
38.486,-81.3502,2016,1,"Kanawha, Clendenin"
39.0302,-77.4712,2016,4,"Loudoun, Ashburn"
41.0348,-82.0122,2016,5,"Medina, Lodi"
39.9037,-82.018,2016,7,"Muskingum, South Zanesville"
36.7168,-80.3578,2016,2,"Patrick, Vesta"
39.0747,-83.3871,2016,2,"Highland, Sinking Spring"
38.4298,-82.4488,2016,2,"Lawrence, Chesapeake"
40.337,-76.448,2016,3,"Lebanon, Pleasant Hill"
39.9595,-82.4129,2016,6,"Licking, Jacksontown"
41.3338,-75.8214,2016,20,"Luzerne, Exeter"
37.5156,-85.2625,2016,2,"Marion, Calvary"
37.6395,-76.5747,2016,2,"Middlesex, Urbanna"
39.7927,-84.3165,2016,24,"Montgomery, Trotwood"
40.9702,-78.8765,2016,1,"Jefferson, Big Run"
41.3128,-81.9157,2016,24,"Lorain, Columbia Hills Corners"
39.9487,-83.2993,2016,4,"Madison, West Jefferson"
41.1572,-80.0893,2016,2,"Mercer, Grove City"
40.6666,-75.5072,2016,2,"Lehigh, Stiles"
40.9207,-81.0231,2016,168,"Mahoning, Sebring"
41.8694,-78.66,2016,2,"McKean, Lewis Run"
41.177,-75.418,2016,1,"Monroe, Tobyhanna"
37.8832,-76.3477,2016,6,"Northumberland, Burgess"
38.3355,-85.4839,2016,1,"Oldham, Crestwood"
38.2484,-78.1125,2016,1,"Orange, Orange"
37.8996,-85.2196,2016,1,"Nelson, Chaplin"
37.1052,-76.5185,2016,1,"Newport News (city), Newport News"
39.921,-82.4271,2016,2,"Perry, Thornport"
37.6301,-79.5431,2016,2,"Rockbridge, Natural Bridge"
38.6601,-78.9061,2016,1,"Rockingham, Fulks Run"
38.2204,-84.4699,2016,2,"Scott, Newtown"
36.9728,-88.612,2016,1,"McCracken, Freemont"
38.2001,-80.8512,2016,2,"Nicholas, Mount Nebo"
37.9059,-83.9691,2016,1,"Powell, Westbend"
37.0675,-80.4405,2016,5,"Montgomery, Riner"
38.6653,-78.4545,2016,3,"Page, Luray"
40.9345,-82.4502,2016,10,"Richland, Adario"
36.7588,-78.7914,2016,3,"Halifax, Scottsburg"
39.0551,-78.3681,2016,3,"Shenandoah, Lebanon Church"
37.5589,-86.7728,2016,1,"Ohio, Dundee"
40.3951,-77.0278,2016,1,"Perry, Duncannon"
39.554,-82.7779,2016,2,"Pickaway, Tarlton"
38.6823,-77.2604,2016,7,"Prince William, Occoquan"
37.2747,-79.8886,2016,8,"Roanoke, Vinton"
40.4389,-84.2597,2016,2,"Shelby, Kettlersville"
36.7929,-81.5927,2016,2,"Smyth, Adwolf"
38.1982,-77.5885,2016,8,"Spotsylvania, Spotsylvania Courthouse"
37.997,-83.8925,2016,1,"Montgomery, Camargo"
38.302,-83.8866,2016,1,"Nicholas, Sprout"
41.0245,-81.0501,2016,9,"Portage, Deerfield"
39.7917,-84.7133,2016,1,"Preble, New Hope"
37.1745,-84.6329,2016,3,"Pulaski, Science Hill"
37.4027,-84.4144,2016,1,"Rockcastle, Brodhead"
36.8468,-76.354,2016,2,"Portsmouth (city), Portsmouth"
37.5427,-77.9267,2016,1,"Powhatan, Powhatan"
38.6823,-77.2604,2016,1,"Prince William, Occoquan"
36.9342,-80.7255,2016,8,"Pulaski, Allisonia"
37.9501,-76.6625,2016,2,"Richmond, Haynesville"
36.9052,-76.8978,2016,1,"Southampton, Ivor"
39.3496,-84.1236,2016,8,"Warren, Morrow"
40.3264,-80.4091,2016,2,"Washington, Cross Creek"
40.3312,-79.677,2016,10,"Westmoreland, Westmoreland City"
41.3236,-83.4363,2016,3,"Wood, Bradner"
38.2907,-85.6333,2016,9,"Jefferson, Glenview Manor"
39.0338,-84.5675,2016,1,"Kenton, Lakeside Park"
40.5342,-82.5049,2016,1,"Knox, Ankenytown"
41.4846,-75.666,2016,5,"Lackawanna, Chinchilla"
38.0068,-77.9061,2016,2,"Louisa, Mineral"
41.6639,-83.582,2016,3,"Lucas, Toledo"
40.5321,-83.2077,2016,6,"Marion, Green Camp"
37.3675,-81.3572,2016,2,"McDowell, Maybeury"
36.5882,-76.6847,2016,4,"Suffolk (city), Whaleyville"
40.8006,-84.7746,2016,2,"Van Wert, Wren"
40.95,-83.3836,2016,1,"Wyandot, Carey"
39.8826,-77.1569,2017,1,"Adams, Hunterstown"
38.8184,-77.0861,2017,2,"Alexandria (city), Alexandria"
38.8786,-77.1011,2017,5,"Arlington, Arlington"
40.9214,-82.2818,2017,3,"Ashland, Nankin"
39.4005,-82.1261,2017,2,"Athens, Chauncey"
36.618,-82.1607,2017,1,"Bristol (city), Bristol"
38.8673,-83.7878,2017,2,"Brown, Russellville"
36.8615,-82.7774,2016,2,"Wise, Big Stone Gap"
38.9472,-84.6731,2017,3,"Boone, Union"
40.6295,-75.2024,2016,1,"Northampton, Raubsville"
37.2245,-83.2752,2016,2,"Perry, Avawam"
40.0076,-75.134,2016,20,"Philadelphia, Philadelphia"
36.6716,-79.4196,2016,1,"Pittsylvania, Mount Hermon"
40.8565,-76.235,2016,9,"Schuylkill, Ringtown"
38.7383,-82.842,2016,3,"Scioto, Wheelersburg"
39.9834,-78.772,2016,1,"Somerset, New Baltimore"
37.1909,-81.6387,2016,19,"Tazewell, Amonate"
41.462,-80.6656,2016,17,"Trumbull, Gustavus"
36.666,-81.6382,2016,1,"Washington, Konnarock"
36.8862,-81.192,2016,3,"Wythe, Crockett"
37.8865,-79.9795,2017,2,"Alleghany, Falling Spring"
38.1939,-79.0087,2017,2,"Augusta, Verona"
37.0048,-85.9264,2017,3,"Barren, Glasgow"
39.458,-77.9779,2017,1,"Berkeley, Martinsburg"
40.3495,-76.1391,2017,27,"Berks, Robesonia"
37.2473,-81.8015,2017,4,"Buchanan, Jewell Valley"
39.4069,-83.1842,2016,4,"Ross, Frankfort"
38.3319,-77.4655,2016,3,"Stafford, Falmouth"
40.8159,-81.4165,2016,20,"Stark, Meyers Lake"
40.6513,-84.146,2017,1,"Auglaize, Cridersville"
41.388,-83.3218,2016,8,"Sandusky, Gibsonburg"
41.2162,-83.3285,2016,1,"Seneca, Amsden"
40.5609,-81.495,2016,8,"Tuscarawas, Parral"
36.7335,-76.0435,2016,1,"Virginia Beach (city), Virginia Beach"
36.8404,-84.8506,2016,1,"Wayne, Monticello"
41.3957,-75.2731,2016,3,"Wayne, Wallenpaupack Lake Estates"
41.8567,-80.6173,2017,6,"Ashtabula, Kelloggsville"
38.1193,-83.6156,2017,1,"Bath, Salt Lick"
37.4167,-79.8779,2017,2,"Botetourt, Troutville"
39.3938,-84.5652,2017,10,"Butler, Hamilton"
40.2174,-83.9635,2017,3,"Champaign, Rosewood"
40.9864,-81.9948,2016,7,"Wayne, Burbank"
40.4001,-80.1873,2017,53,"Allegheny, Oakdale"
37.2642,-78.682,2017,1,"Appomattox, Pamplin"
40.5989,-80.4738,2017,6,"Beaver, Hookstown"
40.1621,-81.1313,2017,1,"Belmont, Holloway"
40.6864,-78.2272,2017,2,"Blair, Northwood"
39.1806,-81.513,2016,4,"Wood, Mineral Wells"
39.9163,-76.5841,2016,10,"York, Windsor"
37.4487,-79.1058,2017,3,"Amherst, Madison Heights"
37.3866,-79.7253,2017,5,"Bedford, Montvale"
36.5942,-83.8774,2017,3,"Bell, Fonde"
41.7606,-76.1763,2017,1,"Bradford, Stevensville"
39.0401,-84.4815,2017,6,"Campbell, Wilder"
40.8871,-80.675,2017,10,"Columbiana, Columbiana"
40.2761,-81.7517,2017,1,"Coshocton, West Lafayette"
37.1026,-82.3763,2017,3,"Dickenson, McClure"
38.6355,-77.6661,2017,1,"Fauquier, Calverton"
41.0802,-81.5219,2016,14,"Summit, Akron"
38.9231,-78.1033,2016,5,"Warren, Apple Mountain Lake"
39.6314,-81.4562,2016,1,"Washington, Macksburg"
38.041,-78.5222,2017,4,"Albemarle, University Heights"
40.8305,-84.0848,2017,3,"Allen, Cairo"
40.4111,-78.8446,2017,2,"Cambria, Vinco"
40.8289,-75.7009,2017,3,"Carbon, Weissport"
36.6778,-76.3024,2017,2,"Chesapeake (city), Chesapeake"
39.9639,-75.885,2017,9,"Chester, Pomeroy"
39.8862,-84.0243,2017,3,"Clark, Crystal Lakes"
36.8051,-85.0683,2017,1,"Clinton, Cumberland City"
39.3224,-83.8109,2017,4,"Clinton, Martinsville"
41.4948,-81.5348,2017,143,"Cuyahoga, University Heights"
36.6771,-80.6997,2017,1,"Carroll, Fancy Gap"
40.98,-77.7057,2017,3,"Centre, Mount Eagle"
38.1879,-83.0188,2017,1,"Elliott, Bruin"
38.1059,-84.5255,2017,4,"Fayette, Greendale"
39.6522,-83.5564,2017,5,"Fayette, Jeffersonville"
37.7533,-78.1638,2017,1,"Fluvanna, Columbia"
38.3318,-82.9371,2017,1,"Carter, Grayson"
38.3354,-82.7816,2017,3,"Boyd, Rush"
37.494,-78.6333,2017,1,"Buckingham, Toga"
37.506,-77.6492,2017,11,"Chesterfield, Midlothian"
39.2325,-84.1532,2017,3,"Clermont, Goshen"
38.416,-77.8267,2017,1,"Culpeper, Lignum"
41.3259,-84.2855,2017,6,"Defiance, Jewell"
39.894,-75.4338,2017,20,"Delaware, Glen Riddle"
38.2126,-83.6341,2017,2,"Fleming, Colfax"
38.8862,-82.1463,2017,2,"Gallia, Addison"
37.2338,-79.2895,2017,1,"Campbell, Evington"
40.1679,-83.08,2017,4,"Delaware, Powell"
42.2134,-79.8333,2017,4,"Erie, North East"
37.9185,-76.8665,2017,1,"Essex, Tappahannock"
41.7113,-83.9053,2017,1,"Fulton, Metamora"
40.2802,-84.6384,2017,2,"Darke, Rossburg"
40.2752,-76.8843,2017,34,"Dauphin, Harrisburg"
36.8293,-79.9917,2017,4,"Franklin, Henry"
37.451,-82.7994,2017,1,"Floyd, Wayland"
39.7243,-77.515,2017,5,"Franklin, Pen Mar"
39.264,-78.3319,2017,5,"Frederick, Gore"
37.2801,-76.4402,2017,2,"Gloucester, Achilles"
38.7326,-84.5966,2017,1,"Grant, Sherman"
39.6598,-83.7431,2017,5,"Greene, Jamestown"
39.1864,-84.763,2017,111,"Hamilton, Hooven"
40.6783,-79.1646,2017,3,"Indiana, Ernest"
40.9505,-79.74,2017,7,"Butler, Chicora"
38.4154,-82.3188,2017,1,"Cabell, Pea Ridge"
36.5831,-79.4088,2017,1,"Danville (city), Danville"
41.4011,-82.808,2017,5,"Erie, Castalia"
38.8514,-77.1579,2017,15,"Fairfax, Lake Barcroft"
36.8155,-83.4045,2017,3,"Harlan, South Wallins"
37.6274,-77.4322,2017,17,"Henrico, Chamberlayne Heights"
38.486,-81.3502,2017,10,"Kanawha, Clendenin"
40.0221,-81.5868,2017,1,"Guernsey, Cambridge"
40.9348,-83.8235,2017,15,"Hancock, Mount Cory"
36.8293,-79.9917,2017,3,"Franklin, Henry"
37.494,-78.6333,2017,1,"Buckingham, Toga"
38.4298,-82.4488,2017,2,"Lawrence, Chesapeake"
37.6167,-84.4094,2017,2,"Garrard, Paint Lick"
36.866,-76.8308,2017,1,"Isle of Wight, Zuni"
41.4846,-75.666,2017,12,"Lackawanna, Chinchilla"
40.337,-76.448,2017,11,"Lebanon, Pleasant Hill"
38.354,-83.2524,2017,1,"Lewis, Emerson"
36.9052,-76.8978,2017,1,"Southampton, Ivor"
40.2737,-81.2812,2017,1,"Harrison, Tippecanoe"
38.2907,-85.6333,2017,31,"Jefferson, Glenview Manor"
39.0338,-84.5675,2017,7,"Kenton, Lakeside Park"
39.9595,-82.4129,2017,4,"Licking, Jacksontown"
40.4007,-83.5444,2017,2,"Logan, West Mansfield"
38.0068,-77.9061,2017,1,"Louisa, Mineral"
41.6639,-83.582,2017,16,"Lucas, Toledo"
41.3338,-75.8214,2017,25,"Luzerne, Exeter"
40.0903,-79.5872,2017,2,"Fayette, Everson"
37.373,-80.8576,2017,1,"Giles, Glen Lyn"
36.5603,-88.5692,2017,5,"Graves, Lynnville"
36.6015,-81.6257,2017,3,"Grayson, Whitetop"
38.5426,-84.2366,2017,1,"Harrison, Sunrise"
37.1737,-87.6885,2017,1,"Hopkins, Dawson Springs"
40.3821,-78.1697,2017,4,"Huntingdon, Marklesburg"
39.1907,-81.7495,2017,3,"Athens, Hockingport"
37.5751,-83.9735,2017,1,"Jackson, Drip Rock"
41.4884,-82.0978,2017,41,"Lorain, Sheffield Lake"
39.832,-76.3275,2017,28,"Lancaster, Holtwood"
37.3799,-76.8041,2017,5,"James City, Toano"
40.6666,-75.5072,2017,9,"Lehigh, Stiles"
39.9487,-83.2993,2017,3,"Madison, West Jefferson"
39.9854,-80.7335,2017,1,"Marshall, McMechen"
41.1572,-80.0893,2017,3,"Mercer, Grove City"
39.6323,-84.2725,2017,2,"Montgomery, Miamisburg"
38.8514,-77.1579,2017,1,"Fairfax, Lake Barcroft"
41.1045,-82.6137,2017,7,"Huron, North Fairfield"
39.8665,-83.0703,2017,66,"Franklin, Grove City"
41.3722,-81.0591,2017,4,"Geauga, Parkman"
36.839,-78.7284,2017,1,"Halifax, Clover"
37.7668,-77.3706,2017,8,"Hanover, Hanover"
40.8064,-83.5114,2017,1,"Hardin, Forest"
39.1117,-82.6108,2017,5,"Jackson, Coalton"
37.4362,-80.964,2017,3,"Mercer, Pettry"
37.6395,-76.5747,2017,2,"Middlesex, Urbanna"
40.3951,-77.0278,2017,1,"Perry, Duncannon"
39.9037,-82.018,2017,4,"Muskingum, South Zanesville"
37.8996,-85.2196,2017,1,"Nelson, Chaplin"
39.9156,-81.2824,2017,4,"Noble, Batesville"
40.9345,-82.4502,2017,2,"Richland, Adario"
38.6601,-78.9061,2017,3,"Rockingham, Fulks Run"
38.2529,-83.3185,2017,3,"Rowan, Haldeman"
38.2204,-84.4699,2017,1,"Scott, Newtown"
37.494,-78.6333,2017,1,"Buckingham, Toga"
37.4957,-83.0941,2017,2,"Knott, Decoy"
37.0037,-84.161,2017,7,"Laurel, Keavy"
36.6871,-83.1152,2017,1,"Lee, Jonesville"
39.1806,-81.513,2017,1,"Wood, Mineral Wells"
40.9865,-76.635,2017,1,"Montour, Mausdale"
37.5156,-85.2625,2017,1,"Marion, Calvary"
36.666,-78.3908,2017,5,"Mecklenburg, Boydton"
39.7927,-84.3165,2017,47,"Montgomery, Trotwood"
36.6716,-79.4196,2017,1,"Pittsylvania, Mount Hermon"
39.7917,-84.7133,2017,1,"Preble, New Hope"
37.2747,-79.8886,2017,6,"Roanoke, Vinton"
36.995,-85.0683,2017,1,"Russell, Jamestown"
40.8565,-76.235,2017,27,"Schuylkill, Ringtown"
37.6965,-84.9097,2017,1,"Mercer, Nevada"
40.4113,-84.7761,2017,4,"Mercer, Fort Recovery"
37.0675,-80.4405,2017,3,"Montgomery, Riner"
36.8945,-76.259,2017,1,"Norfolk (city), Norfolk"
39.554,-82.7779,2017,1,"Pickaway, Tarlton"
41.0245,-81.0501,2017,10,"Portage, Deerfield"
37.1745,-84.6329,2017,1,"Pulaski, Science Hill"
37.9443,-81.4371,2017,1,"Raleigh, Colcord"
41.3128,-81.9157,2017,16,"Lorain, Columbia Hills Corners"
37.724,-84.2928,2017,6,"Madison, Richmond"
41.8694,-78.66,2017,1,"McKean, Lewis Run"
38.6823,-77.2604,2017,9,"Prince William, Occoquan"
41.0997,-84.2693,2017,1,"Putnam, Continental"
38.1982,-77.5885,2017,1,"Spotsylvania, Spotsylvania Courthouse"
37.1909,-81.6387,2017,8,"Tazewell, Amonate"
41.462,-80.6656,2017,30,"Trumbull, Gustavus"
40.3312,-79.677,2017,2,"Westmoreland, Westmoreland City"
38.0941,-76.8229,2017,2,"Westmoreland, Montross"
40.6209,-82.6618,2017,2,"Morrow, Shauck"
37.913,-78.8828,2017,4,"Nelson, Nellysford"
36.7168,-80.3578,2017,1,"Patrick, Vesta"
41.4045,-75.183,2017,1,"Pike, Tafton"
36.9342,-80.7255,2017,3,"Pulaski, Allisonia"
39.4069,-83.1842,2017,10,"Ross, Frankfort"
36.8615,-82.7774,2017,8,"Wise, Big Stone Gap"
40.4389,-84.2597,2017,2,"Shelby, Kettlersville"
38.9231,-78.1033,2017,1,"Warren, Apple Mountain Lake"
40.9864,-81.9948,2017,13,"Wayne, Burbank"
37.8301,-83.5166,2017,1,"Wolfe, Valeria"
37.972,-84.7563,2017,1,"Woodford, Mortonsville"
41.4998,-79.8736,2017,1,"Venango, Cooperstown"
40.95,-83.3836,2017,2,"Wyandot, Carey"
40.6295,-75.2024,2017,2,"Northampton, Raubsville"
38.2484,-78.1125,2017,1,"Orange, Orange"
41.1798,-84.7378,2017,1,"Paulding, Antwerp"
37.5427,-77.9267,2017,1,"Powhatan, Powhatan"
37.2864,-80.0554,2017,1,"Salem (city), Salem"
41.2162,-83.3285,2017,1,"Seneca, Amsden"
36.9052,-76.8978,2017,1,"Southampton, Ivor"
38.3319,-77.4655,2017,3,"Stafford, Falmouth"
40.8159,-81.4165,2017,16,"Stark, Meyers Lake"
40.9002,-77.1564,2017,3,"Union, Hartleton"
39.9163,-76.5841,2017,22,"York, Windsor"
37.4027,-84.4144,2017,1,"Rockcastle, Brodhead"
41.0802,-81.5219,2017,29,"Summit, Akron"
39.6314,-81.4562,2017,6,"Washington, Macksburg"
41.3265,-76.9455,2017,10,"Lycoming, Warrensville"
37.997,-83.8925,2017,1,"Montgomery, Camargo"
40.0076,-75.134,2017,117,"Philadelphia, Philadelphia"
39.0302,-77.4712,2017,6,"Loudoun, Ashburn"
40.9207,-81.0231,2017,98,"Mahoning, Sebring"
36.867,-88.4656,2017,1,"Marshall, Oak Level"
36.6827,-79.8636,2017,1,"Martinsville (city), Martinsville"
41.0348,-82.0122,2017,6,"Medina, Lodi"
39.4461,-84.3666,2017,2,"Butler, Monroe"
41.177,-75.418,2017,6,"Monroe, Tobyhanna"
39.0092,-84.4987,2017,1,"Kenton, Taylor Mill"
40.5609,-81.495,2017,6,"Tuscarawas, Parral"
40.3533,-83.2628,2017,2,"Union, Magnetic Springs"
39.3496,-84.1236,2017,13,"Warren, Morrow"
40.3264,-80.4091,2017,9,"Washington, Cross Creek"
36.8404,-84.8506,2017,1,"Wayne, Monticello"
36.9791,-82.2961,2017,1,"Russell, Dante"
38.7383,-82.842,2017,3,"Scioto, Wheelersburg"
36.7588,-78.7914,2017,2,"Halifax, Scottsburg"
39.0551,-78.3681,2017,1,"Shenandoah, Lebanon Church"
37.9059,-83.9691,2017,1,"Powell, Westbend"
37.9501,-76.6625,2017,1,"Richmond, Haynesville"
41.388,-83.3218,2017,3,"Sandusky, Gibsonburg"
36.7929,-81.5927,2017,1,"Smyth, Adwolf"
36.9725,-86.4371,2017,1,"Warren, Bowling Green"
36.666,-81.6382,2017,1,"Washington, Konnarock"
41.3236,-83.4363,2017,1,"Wood, Bradner"
39.1806,-81.513,2017,3,"Wood, Mineral Wells"
36.8862,-81.192,2017,5,"Wythe, Crockett"
